{
    "sources": [
        {
            "type": "paletted_permutations",
            "textures": [
                "trims/models/armor/stone",
                "trims/models/armor/stone_leggings",
                "trims/models/armor/copper",
                "trims/models/armor/copper_leggings",
                "trims/models/armor/rabbit"
            ],
            "palette_key": "trims/color_palettes/trim_palette",
            "permutations": {
                "none": "trims/color_palettes/none"
            }
        }
    ]
}
